InvoiceID,VendorID,InvoiceAmount,PO_Amount,Variance
INV-7212-tv,VENDOR-012,35525.18,28420.14,0.2500001759315753
INV-5621-JY,VENDOR-020,46182.74,36946.19,0.2500000676659757
INV-5703-rR,VENDOR-014,9861.26,7889.01,0.24999968310345658
